  Roadmap by Phase,,,,,,
"  Derived view of the Backlog. Open items only, regenerated 2026-09-06.",,,,,,
,,,,,,
Phase 1 — Free Tier Polish (now)   ·   20 open,,,,,,
ID,Title,Status,Strategy fit,Priority,Effort,Why
A-002,Isolate 5 swap surfaces as small components,Idea,Foundation,P0,M,"Future Option-2 pivot becomes a focused day, not a rebuild."
S-002,Confirm header nav order: Portfolio · Services · Studio · AI Studio · Pricing,Approved,Option 3,P0,S,Reinforces Option 3 hierarchy at the chrome level.
S-013,Home page narrative restructure (umbrella),Approved,Option 3,P0,XL,"Biggest visible UX win for Option 3. Answers visitor questions in 5 seconds: what is this · who's it for · what can I do · how do I start. Encapsulates S-001 (hero), S-005 (AI teaser), and adds new sections."
I-028,Server-side Sanity-curated retailer filter for Shopping List Serper search,Idea (bundling with in-flight UK activation PR),Both,P1,S,"Owner curated retailer lists per region (US live, UK newly added) in Sanity specifically to drive the Shopping List search. Without server-side reading from Sanity, the curation effort and market research only affects the visible logo strip — not the actual products users see. This closes the loop on I-026: Sanity edits = browser-editable catalog = search results that reflect the catalog."
AI-031,AI Vision — Persist generated concepts across page reload until logout,Idea,Both,P1,M,"Owner feedback 2026-05-22 while debugging AI-030: 'when something is reloaded nothing is preserved from previous login… if the person is still inside the concept even the free user does not have a dashboard it should keep the session active until it logs out.' Real engagement leak — users lose work on accidental refresh, navigation, or browser crash. Compounds with the AI Vision low-resolution and aspect issues from AI-030 (re-running burns more quota)."
C-001,45-minute paid consultation — service product,Idea,Both,P1,M,Bridges AI Studio output → real-world project. Filters serious project clients from curiosity browsers. Revenue line that doesn't require subscription model.
M-001,Mobile UX audit,Idea,Both,P1,M,Lots of design discovery happens on phone.
P-005,Image SEO — alt text discipline + per-portfolio-project schema,Idea,Option 3,P1,M,"Image search is a major lead channel for portfolio sites. Without alt text discipline, the studio's renders are invisible to Google Images. Easy to do at build time, painful to retrofit."
S-006,Footer lead with designer credentials,Idea,Option 3,P1,S,Reinforces Option 3.
S-008,Bio/about prominence on home or about page,Idea,Option 3,P1,S,Humanizes the brand. Option 3 trust-building.
S-009,Copy audit — write headlines that survive both positions,Idea,Foundation,P1,M,Reduces editorial work at swap time.
SL-001,retailers.json — retailer DB foundation,Idea,Both,P1,M,"Without this, every new country requires editing code instead of adding rows. Foundational for tier differentiation, region routing, and the per-tier shop-pool differentiation in the pricing matrix."
SL-008,Shopping List — extend to Canada,Idea,Both,P1,M,"Canada is the easiest second market: same language, US retailer overlap (Wayfair, IKEA, Amazon all operate in CA with localized sites), no localization needed. Doubles Free-tier reach for ~10% of effort vs harder markets."
AI-032,"AI Studio onboarding diagnostic — ""Where do I start?""",Idea (planning - spec required),Both,P1,M,"Raises the value of every tool already built, which no 11th tool can do. Six tools exist and ten more are planned - adding another card to a screen nobody can navigate does not increase usage. Also answers a question the studio cannot currently answer at all: what do visitors actually believe their problem is? (Q2's distribution feeds GEO phrase selection.)"
AI-042,Add Farmhouse style. Chip in AI Vision AND a scorable arm of the Style Quiz,Idea,Both,P2,S,"High volume US style search, already planned as an article and a Pinterest board. The quiz cannot return a style it does not know, so farmhouse leaning visitors get labelled Rustic today."
B-003,Brand surface bg color — should cream stay primary or migrate to cooler/whiter palette?,Idea (decide before next big home/deliverables refresh),Both,P2,S,Brand surface choice is foundational. Cream is editorial and warm; white is clean and modern. The right answer depends on whether owner wants the studio aesthetic to read 'cozy editorial' or 'clean modern.' Worth a deliberate decision rather than ad-hoc per page.
I-015,EmailJS account audit — 'hello@designature.studio' ownership unknown,"Partial (access confirmed, hardening deferred)",Both,P2,S,"Recovery time bomb if hello@ is controlled externally (party could reset EmailJS anytime). Currently mitigated: Anahit has working access and Notifications go to her personal address, so any account-recovery email also reaches her. Full audit defer-able but not forever."
S-015,Build actual dropdown menu for AI Studio nav,Idea (refine),Both,P2,M,Surfaced 2026-05-01 by S-010 session: the original dropdown assumption was wrong — there's no menu today. Building one is its own design task. Adds discovery surface for AI tools without overloading any single CTA.
S-032,Rename /ai-concepts route to /ai-studio,Approved,Option 3,P2,S,Owner request 2026-05-01: route URL should match the renamed nav label (S-010). Better SEO + better UX. Today the nav says 'AI Studio' but URL still says /ai-concepts — minor mismatch worth fixing.
SL-002,Pre-search UI — shop logo strip + 'we'll source N items',Idea,Both,P2,M,Builds trust in the free-tier result quality (you can see where we look).
,,,,,,
Phase 2 — Deploy & Visibility   ·   8 open,,,,,,
ID,Title,Status,Strategy fit,Priority,Effort,Why
P-001,"SEO mechanical layer — sitemap, robots, canonical strategy",Idea,Option 3,P1,S,Required for crawlers + indexers to discover and parse the site correctly. Boring but foundational.
P-002,Image optimization audit,Idea,Both,P1,M,Portfolio-led site lives or dies by image performance.
S-018,"SEO Phase 2 — schema expansion (SoftwareApplication, Product, CreativeWork, Breadcrumb, FAQ)",Idea,Both,P1,M,Phase 1 (S-007) lands the foundations. Phase 2 is where rich results start appearing in SERPs. SoftwareApplication is the highest-leverage one — surfaces the AI tools globally for 'tools' searches.
S-019,SEO Phase 2 — server-side meta injection in server.ts,Idea,Option 3,P1,M,"SPA limitation: client-side meta works for Google (which now executes JS) but social crawlers don't run JS. If users share a /pricing link on WhatsApp, they should see Pricing OG, not Home OG."
SL-004,Better empty/error states,Idea,Both,P1,S,Free tier polish.
P-003,Core Web Vitals check + budget,Idea,Both,P2,M,SEO and conversion both correlate with CWV.
S-020,SEO Phase 2 — dynamic OG image generator (Cloudinary-driven),Idea,Both,P2,M,"Static OG images per page get stale; dynamic generation scales with content. Especially important for portfolio (a new project should auto-get an OG image, not require manual asset work)."
SL-003,Source-photo crop alongside each item,Idea,Both,P2,M,Bridges concept → product. Improves perceived match quality on free tier.
,,,,,,
Phase 3 — Real CMS / DB   ·   3 open,,,,,,
ID,Title,Status,Strategy fit,Priority,Effort,Why
A-003,Move marketing copy into Sanity,Idea,Foundation,P1,L,"At swap time, Option-2 copy is an editorial change, not a code change."
I-003,Sanity i18n — Armenian translations for content,Idea,Both,P1,M,Today UI has Armenian but Sanity content is EN only.
I-002,Data storage robustness — move user accounts off users.json (deferred),Idea (deferred),Both,P2,L,"users.json on Railway is fragile (redeploy can wipe; concurrent writes can clobber). Was previously P0 because billing webhooks would crash if user state was lost. With the new payments design (Postgres = source of truth for subscriptions; user.plan in users.json = cache restored on login), the billing system is now resilient to users.json being wiped — re-login re-creates the user record from Google OAuth and restores tier from Postgres. So this becomes a robustness item, not a critical-path blocker."
,,,,,,
Phase 4 — Paid Tiers   ·   14 open,,,,,,
ID,Title,Status,Strategy fit,Priority,Effort,Why
I-030,Rail A rewritten - Ameriabank vPOS recurring subscriptions,Idea (planning - spec required),Both,P0,L,"LS/Paddle/FastSpring all rejected the studio as ineligible. Only remaining path is direct-to-bank via Ameriabank vPOS recurring bindings. 4 decisions LOCKED (USD, no-trial, cancel-to-period-end, v1 = Full SaaS Design/Studio)."
I-031,Credit ledger & metering engine,Idea,Both,P0,L,The whole pricing model rests on this. Today quota is two hardcoded per-feature counters with a lifetime cap; the credit model needs one pool that any of 19 tools can draw on at different rates.
AI-003,Resolve TODO: Design tier slot count,Idea,Both,P1,S,Blocks shipping the Design tier.
I-032,Provider cost instrumentation — split Gemini counters + Serper cost-per-run,Idea,Both,P1,S,"Every credit price in the Tier Matrix is currently a MODELLED estimate, not a billed figure. R1 (the cost floor) is only as good as the numbers under it — and a wrong estimate on one card is exactly how Shop My Room ended up mispriced at 12 credits. Must land before anything is sold."
AI-041,Per-tool credit price map + cost-floor guard test,Idea,Both,P1,S,Stops the Shop-My-Room class of bug recurring. A credit price set below its cost floor is invisible in review and unbounded in production — a test is the only thing that catches it when someone adds a tool in a hurry.
I-033,Credit packs as one-time purchases on Ameriabank vPOS,Idea,Both,P1,M,Pay-once packs are the only paid product that can be BILLED today — Rail A subscriptions are still blocked after Lemon Squeezy and Paddle both rejected. vPOS one-time payments are shipped and working (I-025).
S-031,Rebuild /pricing on the credit model,Idea,Both,P1,M,"The live page sells Free / Design $19 / Studio $49, two of which cannot be bought and one of which gates three tools. The credit model removes feature-gating entirely — Free unlocks every tool and is limited by quantity — which also resolves the 'don't call the AI Studio free' framing problem."
AC-003,Project Folders (Studio only),Idea,Both,P2,L,Studio-tier exclusive feature. Differentiates $49 from $19.
AI-001,Design Brief — build real implementation,Idea,Both,P2,L,Currently a stub on the AI Studio grid.
AI-016,"AI Floorplan Generator — single-room layout (MVP) · ""Plan My Room""",Approved (spec locked 2026-08-24),Both,P2,XL,Phase 2 (Plan). The room-level optimization most apartment-dwellers actually need. Matches your physical Floor Plans deliverable. Differentiator vs every furnishing-only competitor.
SL-005,Visual matching — image embeddings re-rank (paid),Idea,Option 2,P2,XL,Visible quality gap drives Free → Paid upgrade.
SL-006,Budget filter — pre-search range + post-search slider (paid),Idea,Option 2,P2,M,Paid-tier feature already messaged in pricing.
AI-033,AI Vision — accept a floorplan as input (the Plan My Room bridge),Idea (planning - spec required),Both,P2,L,"Turns the floorplan from a sibling tool into an upgrade path for the tool we already monetise, and fixes the AI-029 class of bugs at source rather than by prompt-nudging. Branch A serves a customer Vision cannot serve today."
AI-002,Cultural Advisor — build real implementation,Idea,Option 2,P3,L,Studio-plan exclusive feature.
,,,,,,
Phase 5 — Strategy Swap → Option 2 (AI hero)   ·   29 open,,,,,,
ID,Title,Status,Strategy fit,Priority,Effort,Why
S-016,Strategy north star — full self-serve design platform vision,North star,Option 2,P1,XL,This is the Option 2 future stated explicitly. Every AI card is a step toward it. Helps prioritize: cards that complete the journey > cards that decorate it.
S-024,SEO off-site — backlink + content + social playbook (recurring/ongoing),Idea (recurring),Both,P1,M (ongoing),On-site SEO (S-007 series) is necessary but not sufficient. Off-site signals (links + brand mentions + social engagement) drive most of the ranking weight for competitive queries like 'AI interior design tool'.
AI-040,Apply-and-re-run — designer corrections (and keep/use notes) that reach the prompt,Idea,Both,P1,M,"THIS IS WHAT MAKES DESIGNER CHECK (AI-038) SELLABLE. Without it a designer writes 'move the bed to the long wall' and the visitor has no way to act on it — AI Vision cannot take 'move the bed', it can only regenerate a different room. The advice becomes homework, and the check has sold a problem instead of a solution. That is why AI-038 ships FREE and advice-only until this lands. Separately, the KEEP half is a differentiator on its own: every rival tool deletes the user's things, and nobody solves it."
M-004,Installable app (PWA) with push notifications. Phase 1 of M-003,"Approved (route decided 2026-09-06: PWA with push, not a store wrap)",Both,P1,L,Keeps existing users coming back and alerts the owner the second someone pays or books. Will not bring new users.
AI-029,"AI Vision — Spatial recognition of the room (dimensions, layout, fixed features)",Idea (research),Both,P2,L,AI Vision currently generates concepts based on style + inspirations only — it doesn't know YOUR room's actual constraints. Owner explicit feedback 2026-05-19: 'we need to figure out how to add spatial recognition of the space.' Big quality lift. Differentiator vs. generic AI redesign tools.
S-022,SEO Phase 3 — Reviews / AggregateRating schema from testimonials,Idea,Both,P2,S,Star ratings in SERPs visibly increase clicks. Testimonials already exist on site — wasted SEO signal until structured.
S-025,Per-page document.title for every route (GA4 Page Title accuracy + SEO),Idea,Both,P2,S,Two wins: (1) GA4 Page Title dimension becomes meaningful — Top Pages report can distinguish '/portfolio' from '/pricing' by title not just path; (2) browser tab + bookmarks + history all show the right page name. Tiny diff but unblocks a lot of small downstream wins.
S-026,Paid consultation — decide WHERE on the website to surface it (Services / Pricing / Header / etc.),Idea (planning),Both,P2,S,"Right now there's only one booking action on the whole site = free Calendly. A paid consultation captures a different audience (global DIY-minded vs local project-ready) and a different revenue stream (productized advice vs full-project funnel). Aligns with new 'Online interior design studio' positioning (B-005) — paid video consultations are the perfect online-studio scalable product. Without deciding placement, the paid offering can't surface without breaking the current 'one clear action' funnel discipline."
S-027,"Paid consultation — define WHAT'S INCLUDED (duration, format, takeaway deliverable, price, booking flow)",Idea (planning),Both,P2,S,"Defining the product is the precondition for both pricing it and selling it. Owner explicitly committed to delivering a takeaway and validating demand before scaling. Wrong takeaway = no paid bookings; right takeaway = a real revenue stream that scales globally without per-project labor. This is the FOUNDATIONAL decision; placement (S-026), pricing-page surface, and Wave 3 e-commerce checkout all depend on it."
SL-007,Region routing — full launch across remaining markets (EU + Armenia),Idea,Both,P2,L,"Completes the four-region coverage envisioned in the shopping-list-strategy memory. By the time this ships, the SL-001 + SL-008 pattern will be proven, so EU + AM are pattern-application not pattern-invention."
AI-035,"Plumb My Room — wet-services plan (sanitary, drainage, supply)",Idea,Both,P2,L,"No kitchen or bathroom route can complete without it, and those are the two highest-spend rooms in any home. Drainage falls and stack positions decide a wet-room layout before anything aesthetic does — a render that ignores them is a convincing picture of a room nobody can build."
AI-036,Schedule My Finishes — room-by-room finishes schedule with quantities,Idea,Both,P2,L,The card that makes Shop My Room useful to a renovator rather than a decorator. Without it Shop can only ever buy furniture — which is exactly where a renovating visitor hits the wall today. Highest-frequency unbuilt card on the AI-032 v2 route map: 4 of 11 routes run through it.
M-003,Pipeline-driven engagement app — push notifications + full site parity,Idea (planning — spec required · large scope),Option 2,P2,XL,"The website is transactional — visit, do a tool, leave. A design project is a month-long journey with many stages. Push notifications are the only reliable channel to bring a user back at the RIGHT moment for the NEXT stage of THEIR pipeline. Also protects retention against generic AI chatbots that lack a personal journey model."
AI-038,Designer Check — written designer review at any step of a workflow,Idea,Both,P2,L,"The missing rung on the price ladder. Today it is $19/mo, $49/mo, or a full project costing thousands, with nothing in between — and that gap is where most people stall. It gives the Studio tier a reason to exist that is NOT 'more generations', which is the weakest possible upgrade argument and the one the tiers currently rest on. It is also the studio's real differentiator made visible at the exact moment someone is deciding whether to trust a step, and the warmest sales moment in the business — the designer has just looked at the actual room and the actual layout. Finally it converts the two honest-exit scenarios (mid-renovation, commercial fit-out) from a booking form into a sellable product."
AI-010,AI Renovation Sequencer (concept),Idea (refine),Option 2,P3,L,"Saves homeowners from expensive mistakes. High perceived value, defensible against generic chatbots."
AI-011,AI Lighting Planner,Idea (refine),Option 2,P3,L,Phase 2 (Plan). Aesthetic-facing (homeowner audience). Distinct from AI-018 Electrical Plan which is technical/contractor-facing.
AI-012,AI Budget Estimator (concept),Idea (refine),Both,P3,M,Builds trust and filters serious clients (you note this explicitly).
AI-013,AI Color Palette Generator (concept),Idea (refine),Option 2,P3,M,"Tangible deliverable, high shareability, low compute cost."
AI-014,AI Material Moodboard (concept),Idea (refine),Option 2,P3,L,Bridges 'inspiration' (Pinterest) to 'specification' (materials list). Designer-adjacent value.
AI-017,AI Floorplan Generator — whole-floorplan + structural changes,Idea (refine),Both,P3,XL,Phase 2 (Plan). High-value for renovation/new-build clients. Studio-tier exclusive — these are the clients most likely to also hire her for execution.
AI-018,AI Electrical Plan,Idea (refine),Option 2,P3,XL,"Phase 2 (Plan). Electrical is COMPLETELY DIFFERENT from lighting (per owner 2026-05-04) — different audiences, different concerns. Lighting is aesthetic/homeowner; electrical is technical/contractor."
AI-019,AI Installation Guides,Idea (refine),Option 2,P3,L,Phase 5 (Realize). Closes the gap between 'I bought this' and 'it's installed correctly.' Maps to the Installation Guides deliverable in S-014.
AI-020,AI 3D Walkthrough generator,Idea (long-term),Option 2,P3,XL,"Phase 5 (Realize). The 'wow' moment — clients walk through their finished space before nails go in. Highest perceived value, highest technical complexity."
M-002,Native mobile apps (iOS + Android) — phased,Idea (long-term),Option 2,P3,XL,"Mobile-first audience for interior design is large (Pinterest, IG, Houzz traffic patterns). Native app lets us own a homescreen icon and use device APIs the web can't. But premature without paid-tier revenue + engagement data — would be guessing which features matter."
S-017,Style Quiz popup — delayed conversion-driver (deferred from PR #5),Idea (deferred),Both,P3,M,"Conversion-driver for the Style Quiz funnel. Style Quiz is the entry point of the Discover phase — getting more visitors into it warms them for the consultation. Polite UX (12s delay, dismissible, once-per-session) so it doesn't feel spammy."
S-021,SEO Phase 3 — i18n (AM hreflang + translated meta),Idea,Both,P3,M,"When Armenian content strategy is real (translated portfolio descriptions, translated AI tool UI), SEO needs to follow. Until then, premature."
AI-034,Heat My Room — heating & cooling plan,Idea,Both,P3,L,Keeps the floorplan generator honest and shippable. Heating is a real deliverable but a different discipline with its own rulebook.
AI-037,Virtual-staging engine (fal FLUX) — re-test vs Gemini before activating,Idea (parked — needs head-to-head test),Both,P3,M,"Gemini occasionally distorts room structure (widens walls, invents/moves windows). fal cannot — so if structure drift ever becomes the bigger problem, fal is the built-in safety option worth reactivating."
AI-039,"Custom route — describe your situation, get your own pipeline",Idea,Both,P3,M,"Two jobs. (1) It catches everyone the eleven named scenarios do not describe, instead of dead-ending them. (2) It is the research instrument: every description is a scenario nobody has written yet — cluster them, author scenarios 12/13/14 from real customer language, then move those into the deterministic table. The share of traffic taking Custom should FALL over time; that number is the feature's own success metric. It is also a free, continuous source of real customer vocabulary for ad copy and GEO phrase selection."
