Campaign,Ad Group,Keyword,Criterion Type,Status,Final URL
US | Search | Listing Photos,Hosts | Not Getting Booked,airbnb not getting bookings,Exact,Enabled,https://www.designature.studio/listing-photos#hosts
US | Search | Listing Photos,Hosts | Not Getting Booked,airbnb not getting bookings,Phrase,Enabled,https://www.designature.studio/listing-photos#hosts
US | Search | Listing Photos,Hosts | Not Getting Booked,why is my airbnb not getting booked,Phrase,Enabled,https://www.designature.studio/listing-photos#hosts
US | Search | Listing Photos,Hosts | Not Getting Booked,airbnb no bookings,Phrase,Enabled,https://www.designature.studio/listing-photos#hosts
US | Search | Listing Photos,Hosts | Not Getting Booked,short term rental not getting booked,Phrase,Enabled,https://www.designature.studio/listing-photos#hosts
US | Search | Listing Photos,Hosts | Not Getting Booked,vacation rental not getting bookings,Phrase,Enabled,https://www.designature.studio/listing-photos#hosts
US | Search | Listing Photos,Hosts | Not Getting Booked,how to get more airbnb bookings,Phrase,Enabled,https://www.designature.studio/listing-photos#hosts
US | Search | Listing Photos,Hosts | Not Getting Booked,get more short term rental bookings,Phrase,Enabled,https://www.designature.studio/listing-photos#hosts
US | Search | Listing Photos,Hosts | Not Getting Booked,improve my airbnb listing,Phrase,Enabled,https://www.designature.studio/listing-photos#hosts
US | Search | Listing Photos,Hosts | Not Getting Booked,airbnb listing not converting,Phrase,Enabled,https://www.designature.studio/listing-photos#hosts
US | Search | Listing Photos,Hosts | Not Getting Booked,why is my rental not renting,Phrase,Enabled,https://www.designature.studio/listing-photos#hosts
US | Search | Listing Photos,Hosts | Not Getting Booked,airbnb listing photos,Phrase,Enabled,https://www.designature.studio/listing-photos#hosts
US | Search | Listing Photos,Hosts | Furnish & Style,airbnb interior design,Exact,Enabled,https://www.designature.studio/listing-photos#hosts
US | Search | Listing Photos,Hosts | Furnish & Style,airbnb interior design,Phrase,Enabled,https://www.designature.studio/listing-photos#hosts
US | Search | Listing Photos,Hosts | Furnish & Style,short term rental interior design,Phrase,Enabled,https://www.designature.studio/listing-photos#hosts
US | Search | Listing Photos,Hosts | Furnish & Style,vacation rental interior design,Phrase,Enabled,https://www.designature.studio/listing-photos#hosts
US | Search | Listing Photos,Hosts | Furnish & Style,how to furnish an airbnb,Phrase,Enabled,https://www.designature.studio/listing-photos#hosts
US | Search | Listing Photos,Hosts | Furnish & Style,airbnb furniture package,Phrase,Enabled,https://www.designature.studio/listing-photos#hosts
US | Search | Listing Photos,Hosts | Furnish & Style,airbnb styling service,Phrase,Enabled,https://www.designature.studio/listing-photos#hosts
US | Search | Listing Photos,Hosts | Furnish & Style,short term rental furnishing,Phrase,Enabled,https://www.designature.studio/listing-photos#hosts
US | Search | Listing Photos,Hosts | Furnish & Style,rental property styling,Phrase,Enabled,https://www.designature.studio/listing-photos#hosts
US | Search | Listing Photos,Hosts | Furnish & Style,airbnb decor ideas,Phrase,Enabled,https://www.designature.studio/listing-photos#hosts
US | Search | Listing Photos,Hosts | Furnish & Style,design my airbnb,Phrase,Enabled,https://www.designature.studio/listing-photos#hosts
US | Search | Listing Photos,Hosts | Furnish & Style,interior design for rental property,Phrase,Enabled,https://www.designature.studio/listing-photos#hosts
US | Search | Listing Photos,Agents | Pre-Listing Prep,pre listing home staging,Phrase,Enabled,https://www.designature.studio/listing-photos#agents
US | Search | Listing Photos,Agents | Pre-Listing Prep,prepare house for listing photos,Phrase,Enabled,https://www.designature.studio/listing-photos#agents
US | Search | Listing Photos,Agents | Pre-Listing Prep,what to fix before listing a house,Phrase,Enabled,https://www.designature.studio/listing-photos#agents
US | Search | Listing Photos,Agents | Pre-Listing Prep,home staging alternative,Phrase,Enabled,https://www.designature.studio/listing-photos#agents
US | Search | Listing Photos,Agents | Pre-Listing Prep,real estate listing photos tips,Phrase,Enabled,https://www.designature.studio/listing-photos#agents
US | Search | Listing Photos,Agents | Pre-Listing Prep,interior design for realtors,Phrase,Enabled,https://www.designature.studio/listing-photos#agents
US | Search | Listing Photos,Agents | Pre-Listing Prep,staging advice for sellers,Phrase,Enabled,https://www.designature.studio/listing-photos#agents
US | Search | Listing Photos,Agents | Pre-Listing Prep,listing presentation staging,Phrase,Enabled,https://www.designature.studio/listing-photos#agents
US | Search | Listing Photos,Agents | Pre-Listing Prep,how to stage a vacant listing,Phrase,Enabled,https://www.designature.studio/listing-photos#agents
US | Search | Listing Photos,Agents | Pre-Listing Prep,cost to stage a house,Phrase,Enabled,https://www.designature.studio/listing-photos#agents
US | Search | Listing Photos,Virtual Staging Intercept,virtual staging,Phrase,Paused,https://www.designature.studio/listing-photos
US | Search | Listing Photos,Virtual Staging Intercept,ai virtual staging,Phrase,Paused,https://www.designature.studio/listing-photos
US | Search | Listing Photos,Virtual Staging Intercept,virtual staging for realtors,Phrase,Paused,https://www.designature.studio/listing-photos
US | Search | Listing Photos,Virtual Staging Intercept,virtual staging software,Phrase,Paused,https://www.designature.studio/listing-photos
US | Search | Listing Photos,Virtual Staging Intercept,ai home staging,Phrase,Paused,https://www.designature.studio/listing-photos
US | Search | Listing Photos,Virtual Staging Intercept,virtual staging for airbnb,Phrase,Paused,https://www.designature.studio/listing-photos
