Campaign,Keyword,Criterion Type
US | Search | Listing Photos,jobs,Campaign Negative Phrase
US | Search | Listing Photos,salary,Campaign Negative Phrase
US | Search | Listing Photos,career,Campaign Negative Phrase
US | Search | Listing Photos,hiring,Campaign Negative Phrase
US | Search | Listing Photos,internship,Campaign Negative Phrase
US | Search | Listing Photos,course,Campaign Negative Phrase
US | Search | Listing Photos,certification,Campaign Negative Phrase
US | Search | Listing Photos,degree,Campaign Negative Phrase
US | Search | Listing Photos,airbnb login,Campaign Negative Phrase
US | Search | Listing Photos,airbnb customer service,Campaign Negative Phrase
US | Search | Listing Photos,airbnb contact number,Campaign Negative Phrase
US | Search | Listing Photos,airbnb cancellation,Campaign Negative Phrase
US | Search | Listing Photos,airbnb refund,Campaign Negative Phrase
US | Search | Listing Photos,airbnb host fees,Campaign Negative Phrase
US | Search | Listing Photos,airbnb calculator,Campaign Negative Phrase
US | Search | Listing Photos,how to become an airbnb host,Campaign Negative Phrase
US | Search | Listing Photos,book an airbnb,Campaign Negative Phrase
US | Search | Listing Photos,rent an airbnb,Campaign Negative Phrase
US | Search | Listing Photos,airbnb near me,Campaign Negative Phrase
US | Search | Listing Photos,airbnb clone,Campaign Negative Phrase
US | Search | Listing Photos,airbnb app,Campaign Negative Phrase
US | Search | Listing Photos,photographer,Campaign Negative Phrase
US | Search | Listing Photos,photography,Campaign Negative Phrase
US | Search | Listing Photos,photo editing,Campaign Negative Phrase
US | Search | Listing Photos,property management,Campaign Negative Phrase
US | Search | Listing Photos,property manager,Campaign Negative Phrase
US | Search | Listing Photos,cleaning service,Campaign Negative Phrase
US | Search | Listing Photos,furniture rental,Campaign Negative Phrase
US | Search | Listing Photos,rent to own,Campaign Negative Phrase
US | Search | Listing Photos,moving company,Campaign Negative Phrase
US | Search | Listing Photos,real estate agent near me,Campaign Negative Phrase
US | Search | Listing Photos,real estate license,Campaign Negative Phrase
US | Search | Listing Photos,mortgage,Campaign Negative Phrase
US | Search | Listing Photos,insurance,Campaign Negative Phrase
US | Search | Listing Photos,hotel,Campaign Negative Phrase
US | Search | Listing Photos,hostel,Campaign Negative Phrase
US | Search | Listing Photos,commercial lease,Campaign Negative Phrase
US | Search | Listing Photos,wikipedia,Campaign Negative Phrase
US | Search | Listing Photos,meaning,Campaign Negative Phrase
US | Search | Listing Photos,definition,Campaign Negative Phrase
US | Search | Listing Photos,crack,Campaign Negative Phrase
US | Search | Listing Photos,torrent,Campaign Negative Phrase
US | Search | Listing Photos,apk,Campaign Negative Phrase
