Campaign,Asset Type,Header,Value
US | Search | Listing Photos,Callout,,3 free concepts
US | Search | Listing Photos,Callout,,No credit card
US | Search | Listing Photos,Callout,,Real product prices
US | Search | Listing Photos,Callout,,Real design studio
US | Search | Listing Photos,Callout,,Keeps your layout
US | Search | Listing Photos,Callout,,13 interior styles
US | Search | Listing Photos,Callout,,Swap any pick
US | Search | Listing Photos,Callout,,$99 designer consult
US | Search | Listing Photos,Structured snippet,Services,Room restyling
US | Search | Listing Photos,Structured snippet,Services,Shopping lists
US | Search | Listing Photos,Structured snippet,Services,Room audit
US | Search | Listing Photos,Structured snippet,Services,Design consults
US | Search | Listing Photos,Structured snippet,Services,3D renders
US | Search | Listing Photos,Structured snippet,Services,Full projects
